"DESCRIPTION","DURATION IN MS","NAME","PARENT SUITE","START TIME","STATUS","STOP TIME","SUB SUITE","SUITE","TEST CLASS","TEST METHOD"
"","408","test_Login_with_incorrect_username_invalid_password[edge]","package","2026-01-05","passed","2026-01-05","TestLogin","test_login","",""
"","1297","test_Login_with_valid_credentials","tests","2026-04-02","passed","2026-04-02","TestLogin","test_login","",""
"","1281","test_Login_with_incorrect_username_invalid_password","tests","2026-04-02","passed","2026-04-02","TestLogin","test_login","",""
"","257","test_search_a_invalid_element[Firefox]","package","2026-01-05","passed","2026-01-05","TestSearch","test_search","",""
"","362","test_search_with_no_context","","2026-01-07","passed","2026-01-07","TestSearch","test_search","",""
"","334","test_search_with_no_context[edge]","package","2026-01-05","passed","2026-01-05","TestSearch","test_search","",""
"","276","test_search_with_no_context[Chrome]","package","2026-01-05","passed","2026-01-05","TestSearch","test_search","",""
"","411","test_search_a_invalid_element[Chrome]","package","2026-01-05","passed","2026-01-05","TestSearch","test_search","",""
"","370","test_Login_with_correct_username_invalid_password[edge]","package","2026-01-05","passed","2026-01-05","TestLogin","test_login","",""
"","885","test_Login_with_valid_credentials[edge]","package","2026-01-05","passed","2026-01-05","TestLogin","test_login","",""
"","1028","test_Login_with_valid_credentials","package","2026-01-05","passed","2026-01-05","TestLogin","test_login","",""
"","404","test_Login_with_incorrect_username_invalid_password[Firefox]","package","2026-01-05","passed","2026-01-05","TestLogin","test_login","",""
"","607","test_search_a_valid_element[Chrome]","package","2026-01-05","passed","2026-01-05","TestSearch","test_search","",""
"","413","test_search_a_invalid_element","tutorial_ninja.tests","2026-01-11","passed","2026-01-11","TestSearch","test_search","",""
"","866","test_Login_with_valid_credentials[Firefox]","package","2026-01-05","passed","2026-01-05","TestLogin","test_login","",""
"","479","test_search_a_invalid_element[edge]","package","2026-01-05","passed","2026-01-05","TestSearch","test_search","",""
"","307","test_Login_with_correct_username_invalid_password[Firefox]","package","2026-01-05","passed","2026-01-05","TestLogin","test_login","",""
"","507","test_search_with_no_context","tests","2026-04-02","passed","2026-04-02","TestSearch","test_search","",""
"","21000","test_Login_with_incorrect_username_valid_password[Firefox]","package","2026-01-05","broken","2026-01-05","TestLogin","test_login","",""
"","566","test_search_a_valid_element[edge]","package","2026-01-05","passed","2026-01-05","TestSearch","test_search","",""
"","503","test_search_a_valid_element","tutorial_ninja.tests","2026-01-11","passed","2026-01-11","TestSearch","test_search","",""
"","1129","test_search_a_valid_element","","2026-01-07","passed","2026-01-07","TestSearch","test_search","",""
"","1281","test_Login_with_incorrect_username_invalid_password[Chrome]","package","2026-01-05","passed","2026-01-05","TestLogin","test_login","",""
"","228","test_search_with_no_context[Firefox]","package","2026-01-05","passed","2026-01-05","TestSearch","test_search","",""
"","601","test_search_a_valid_element","tests","2026-04-02","passed","2026-04-02","TestSearch","test_search","",""
"","961","test_Login_with_valid_credentials[Chrome]","package","2026-01-05","passed","2026-01-05","TestLogin","test_login","",""
"","975","test_Login_with_incorrect_username_invalid_password","package","2026-01-05","passed","2026-01-05","TestLogin","test_login","",""
"","1407","test_Login_with_correct_username_invalid_password","tests","2026-04-02","passed","2026-04-02","TestLogin","test_login","",""
"","825","test_Login_with_correct_username_invalid_password[Chrome]","package","2026-01-05","passed","2026-01-05","TestLogin","test_login","",""
"","20885","test_Login_with_incorrect_username_valid_password","package","2026-01-05","broken","2026-01-05","TestLogin","test_login","",""
"","1414","test_Login_with_incorrect_username_valid_password","tests","2026-04-02","passed","2026-04-02","TestLogin","test_login","",""
"","899","test_search_a_invalid_element","tests","2026-04-02","passed","2026-04-02","TestSearch","test_search","",""
"","21464","test_Login_with_incorrect_username_valid_password[edge]","package","2026-01-05","broken","2026-01-05","TestLogin","test_login","",""
"","560","test_euro_crrency","tests.functional","2026-04-02","passed","2026-04-02","TestCurrency","test_currency","",""
"","488","test_search_a_invalid_element","","2026-01-07","passed","2026-01-07","TestSearch","test_search","",""
"","21288","test_Login_with_incorrect_username_valid_password[Chrome]","package","2026-01-05","broken","2026-01-05","TestLogin","test_login","",""
"","465","test_search_a_valid_element[Firefox]","package","2026-01-05","passed","2026-01-05","TestSearch","test_search","",""
"","533","test_search_with_no_context","tutorial_ninja.tests","2026-01-11","passed","2026-01-11","TestSearch","test_search","",""
"","812","test_Login_with_correct_username_invalid_password","package","2026-01-05","passed","2026-01-05","TestLogin","test_login","",""
"","20684","test_Login_with_incorrect_username_valid_password","","2026-01-05","passed","2026-01-05","","","",""
"","18789","test_search_a_valid_element","","2026-01-15","passed","2026-01-15","","","",""
